,literal,stroke_count,grade,freq,jlpt
0,一,1,1.0,2.0,4.0
1,丁,2,3.0,1312.0,1.0
2,七,2,1.0,115.0,4.0
3,万,3,2.0,375.0,4.0
4,丈,3,8.0,1375.0,1.0
5,三,3,1.0,14.0,4.0
6,上,3,1.0,35.0,4.0
7,下,3,1.0,97.0,4.0
8,不,4,4.0,101.0,3.0
9,与,3,8.0,308.0,2.0
10,世,5,3.0,135.0,3.0
11,丘,5,8.0,1405.0,1.0
12,丙,5,8.0,247.0,1.0
13,両,6,3.0,599.0,2.0
14,並,8,6.0,11.0,2.0
15,中,4,1.0,542.0,4.0
16,丸,3,2.0,1402.0,2.0
17,丹,4,8.0,95.0,1.0
18,主,5,3.0,688.0,3.0
19,久,3,5.0,1646.0,2.0
20,乏,4,8.0,377.0,1.0
21,乗,9,3.0,1841.0,3.0
22,乙,1,8.0,55.0,1.0
23,九,2,1.0,755.0,4.0
24,乱,7,6.0,1289.0,2.0
25,乳,8,6.0,1453.0,2.0
26,乾,11,8.0,1353.0,2.0
27,亀,11,8.0,792.0,1.0
28,了,2,8.0,180.0,2.0
29,予,4,3.0,271.0,2.0
30,争,6,4.0,18.0,2.0
31,事,8,3.0,9.0,3.0
32,二,2,1.0,914.0,4.0
33,互,4,8.0,31.0,2.0
34,五,4,1.0,339.0,4.0
35,井,4,4.0,1509.0,1.0
36,亜,7,8.0,661.0,1.0
37,亡,3,6.0,178.0,2.0
38,交,6,2.0,1893.0,2.0
39,享,8,8.0,74.0,1.0
40,京,8,2.0,1627.0,3.0
41,亭,9,8.0,5.0,1.0
42,人,2,1.0,1332.0,4.0
43,仁,4,6.0,49.0,1.0
44,今,4,2.0,617.0,4.0
45,介,4,8.0,819.0,2.0
46,仏,4,5.0,439.0,2.0
47,仕,5,3.0,543.0,3.0
48,他,5,3.0,322.0,2.0
49,付,5,4.0,1157.0,2.0
50,仙,5,8.0,66.0,1.0
51,代,5,3.0,804.0,3.0
52,令,5,4.0,126.0,2.0
53,以,5,4.0,1039.0,3.0
54,仮,6,5.0,1573.0,2.0
55,仰,6,8.0,919.0,1.0
56,仲,6,4.0,212.0,2.0
57,件,6,5.0,217.0,2.0
58,任,6,5.0,278.0,2.0
59,企,6,8.0,1604.0,1.0
60,伎,6,8.0,1816.0,1.0
61,伏,6,8.0,642.0,1.0
62,伐,6,8.0,4.0,1.0
63,休,6,1.0,416.0,4.0
64,会,6,2.0,1741.0,4.0
65,伝,6,4.0,886.0,2.0
66,伯,7,8.0,730.0,1.0
67,伴,7,8.0,2209.0,1.0
68,伸,7,8.0,923.0,2.0
69,伺,7,8.0,276.0,2.0
70,似,7,5.0,435.0,2.0
71,位,7,4.0,270.0,2.0
72,低,7,4.0,474.0,3.0
73,住,7,3.0,88.0,3.0
74,佐,7,4.0,340.0,1.0
75,体,7,2.0,680.0,3.0
76,何,7,2.0,103.0,4.0
77,余,7,5.0,1643.0,2.0
78,作,7,2.0,966.0,3.0
79,佳,8,8.0,219.0,1.0
80,併,8,8.0,399.0,1.0
81,使,8,3.0,1939.0,3.0
82,例,8,4.0,313.0,2.0
83,侍,8,8.0,906.0,1.0
84,供,8,6.0,250.0,2.0
85,依,8,8.0,2004.0,2.0
86,価,8,5.0,2363.0,2.0
87,侮,8,8.0,1025.0,1.0
88,侯,9,8.0,729.0,1.0
89,侵,9,8.0,232.0,1.0
90,侶,9,8.0,998.0,3.0
91,便,9,4.0,1007.0,2.0
92,係,9,3.0,1610.0,1.0
93,促,9,8.0,146.0,1.0
94,俊,9,8.0,208.0,1.0
95,俗,9,8.0,603.0,2.0
96,保,9,5.0,1137.0,2.0
97,信,9,4.0,1481.0,2.0
98,修,10,5.0,1834.0,1.0
99,俳,10,6.0,1114.0,1.0
100,俵,10,6.0,451.0,1.0
101,俸,10,8.0,714.0,1.0
102,倉,10,4.0,791.0,2.0
103,個,10,5.0,510.0,2.0
104,倍,10,3.0,932.0,2.0
105,倒,10,8.0,2454.0,2.0
106,候,10,4.0,518.0,3.0
107,借,10,4.0,1322.0,1.0
108,倣,10,8.0,2479.0,2.0
109,値,10,6.0,1639.0,1.0
110,倫,10,8.0,1340.0,1.0
111,倹,10,8.0,733.0,2.0
112,偉,12,8.0,572.0,1.0
113,偏,11,8.0,216.0,2.0
114,停,11,5.0,1857.0,2.0
115,健,11,4.0,1602.0,2.0
116,側,11,4.0,1171.0,1.0
117,偵,11,8.0,1660.0,2.0
118,偶,11,8.0,1926.0,1.0
119,偽,11,8.0,1694.0,1.0
120,傍,12,8.0,356.0,1.0
121,傑,13,8.0,536.0,1.0
122,傘,12,8.0,728.0,2.0
123,備,12,5.0,845.0,1.0
124,催,13,8.0,938.0,1.0
125,傲,13,8.0,417.0,1.0
126,債,13,8.0,856.0,2.0
127,傷,13,6.0,1236.0,3.0
128,傾,13,8.0,709.0,2.0
129,僅,12,8.0,1724.0,1.0
130,働,13,4.0,739.0,1.0
131,像,14,5.0,716.0,1.0
132,僕,14,8.0,2162.0,1.0
133,僚,14,8.0,854.0,2.0
134,僧,13,8.0,334.0,1.0
135,儀,15,8.0,192.0,1.0
136,億,15,4.0,1219.0,2.0
137,儒,16,8.0,949.0,3.0
138,償,17,8.0,1174.0,3.0
139,優,17,6.0,173.0,1.0
140,元,4,2.0,527.0,2.0
141,兄,5,2.0,1333.0,4.0
142,充,6,8.0,1080.0,3.0
143,兆,6,4.0,679.0,1.0
144,先,6,1.0,39.0,1.0
145,光,6,2.0,56.0,2.0
146,克,7,8.0,75.0,2.0
147,免,8,8.0,92.0,4.0
148,児,7,4.0,118.0,2.0
149,党,10,6.0,93.0,4.0
150,入,2,1.0,174.0,2.0
151,全,6,3.0,522.0,4.0
152,八,2,1.0,629.0,2.0
153,公,4,2.0,1055.0,2.0
154,六,4,1.0,1164.0,2.0
155,共,6,4.0,44.0,1.0
156,兵,7,4.0,69.0,1.0
157,具,8,3.0,1313.0,2.0
158,典,8,4.0,275.0,4.0
159,兼,10,8.0,1317.0,2.0
160,内,4,2.0,1782.0,2.0
161,円,4,1.0,453.0,1.0
162,冊,5,6.0,1503.0,1.0
163,再,6,5.0,2349.0,3.0
164,冒,9,8.0,1090.0,1.0
165,冗,4,8.0,667.0,3.0
166,写,5,3.0,2313.0,1.0
167,冠,9,8.0,1441.0,2.0
168,冥,10,8.0,1284.0,1.0
169,冬,5,2.0,1712.0,2.0
170,冶,7,8.0,1730.0,1.0
171,冷,7,4.0,547.0,1.0
172,凄,10,8.0,1673.0,2.0
173,准,10,8.0,2143.0,1.0
174,凍,10,8.0,2206.0,1.0
175,凝,16,8.0,13.0,1.0
176,凡,3,8.0,1794.0,4.0
177,処,5,6.0,1763.0,1.0
178,凶,4,8.0,24.0,1.0
179,凸,5,8.0,324.0,4.0
180,凹,5,8.0,855.0,3.0
181,出,5,1.0,864.0,2.0
182,刀,2,2.0,927.0,1.0
183,刃,3,8.0,152.0,2.0
184,分,4,2.0,197.0,2.0
185,切,4,2.0,214.0,2.0
186,刊,5,5.0,203.0,3.0
187,刑,6,8.0,1032.0,2.0
188,列,6,3.0,108.0,2.0
189,初,7,4.0,1352.0,2.0
190,判,7,5.0,583.0,2.0
191,別,7,4.0,1031.0,2.0
192,利,7,4.0,866.0,2.0
193,到,8,8.0,753.0,2.0
194,制,8,5.0,814.0,2.0
195,刷,8,4.0,27.0,1.0
196,券,8,6.0,1918.0,4.0
197,刹,8,8.0,1576.0,1.0
198,刺,8,8.0,1305.0,1.0
199,刻,8,6.0,1151.0,1.0
200,則,9,5.0,360.0,1.0
201,削,9,8.0,1448.0,2.0
202,前,9,2.0,318.0,1.0
203,剖,10,8.0,741.0,2.0
204,剛,10,8.0,662.0,1.0
205,剝,10,8.0,62.0,2.0
206,剣,10,8.0,857.0,3.0
207,剤,10,4.0,130.0,1.0
208,副,11,8.0,1620.0,2.0
209,剰,11,6.0,397.0,1.0
210,割,12,6.0,749.0,2.0
211,創,12,6.0,1254.0,2.0
212,劇,15,1.0,398.0,1.0
213,力,2,4.0,538.0,2.0
214,功,5,4.0,2085.0,2.0
215,加,5,8.0,2157.0,1.0
216,劣,6,3.0,1319.0,1.0
217,助,7,4.0,1066.0,2.0
218,努,7,8.0,73.0,3.0
219,励,7,4.0,1494.0,3.0
220,労,7,5.0,111.0,1.0
221,効,8,8.0,185.0,2.0
222,劾,8,8.0,809.0,2.0
223,勃,9,8.0,260.0,2.0
224,勅,9,4.0,830.0,2.0
225,勇,9,3.0,1068.0,2.0
226,勉,10,3.0,1513.0,1.0
227,動,11,8.0,954.0,1.0
228,勘,11,5.0,89.0,2.0
229,務,11,3.0,153.0,2.0
230,勝,12,8.0,1718.0,4.0
231,募,12,5.0,1384.0,1.0
232,勢,13,6.0,137.0,2.0
233,勤,12,8.0,437.0,3.0
234,勧,13,8.0,2024.0,3.0
235,勲,15,8.0,8.0,1.0
236,勾,4,4.0,195.0,4.0
237,包,5,3.0,2077.0,4.0
238,化,4,2.0,154.0,1.0
239,北,5,8.0,224.0,4.0
240,匠,6,8.0,2003.0,4.0
241,匹,4,3.0,772.0,1.0
242,区,4,3.0,1348.0,2.0
243,医,7,8.0,121.0,1.0
244,匿,10,1.0,341.0,2.0
245,十,2,1.0,586.0,4.0
246,千,3,8.0,794.0,2.0
247,升,4,2.0,694.0,1.0
248,午,4,2.0,682.0,2.0
249,半,5,8.0,606.0,2.0
250,卑,9,4.0,1167.0,2.0
251,卒,8,8.0,959.0,1.0
252,卓,8,4.0,1342.0,1.0
253,協,8,2.0,2123.0,2.0
254,南,9,4.0,1835.0,1.0
255,単,9,4.0,768.0,1.0
256,博,12,8.0,172.0,2.0
257,占,5,4.0,638.0,2.0
258,印,6,6.0,440.0,1.0
259,危,6,8.0,201.0,3.0
260,即,7,8.0,544.0,2.0
261,却,7,6.0,622.0,1.0
262,卵,7,8.0,1029.0,4.0
263,厄,4,8.0,191.0,2.0
264,厘,9,5.0,337.0,2.0
265,厚,9,2.0,1950.0,2.0
266,原,10,6.0,122.0,1.0
267,厳,17,3.0,136.0,2.0
268,去,5,4.0,1954.0,2.0
269,参,8,8.0,284.0,1.0
270,及,3,2.0,509.0,4.0
271,友,4,8.0,1244.0,4.0
272,双,4,3.0,1426.0,1.0
273,反,4,6.0,1540.0,2.0
274,収,4,8.0,314.0,2.0
275,叔,8,3.0,262.0,2.0
276,取,8,3.0,511.0,3.0
277,受,8,8.0,602.0,2.0
278,叙,9,1.0,585.0,4.0
279,口,3,2.0,759.0,2.0
280,古,5,5.0,243.0,2.0
281,句,5,8.0,41.0,2.0
282,叫,6,8.0,711.0,3.0
283,召,5,5.0,15.0,1.0
284,可,5,2.0,177.0,3.0
285,台,5,5.0,1583.0,4.0
286,史,5,1.0,1674.0,1.0
287,右,5,3.0,182.0,1.0
288,号,5,4.0,947.0,1.0
289,司,5,4.0,1956.0,2.0
290,各,6,2.0,561.0,2.0
291,合,6,8.0,466.0,1.0
292,吉,6,2.0,1054.0,2.0
293,同,6,1.0,1133.0,2.0
294,名,6,6.0,2055.0,2.0
295,后,6,8.0,1571.0,2.0
296,吏,6,8.0,1729.0,1.0
297,吐,6,3.0,188.0,1.0
298,向,6,3.0,562.0,1.0
299,君,7,8.0,2131.0,2.0
300,吟,7,6.0,442.0,2.0
301,否,7,8.0,498.0,3.0
302,含,7,6.0,465.0,2.0
303,吸,6,8.0,124.0,2.0
304,吹,7,8.0,1715.0,2.0
305,呂,7,8.0,225.0,1.0
306,呈,7,8.0,54.0,3.0
307,呉,7,5.0,1093.0,3.0
308,告,7,4.0,2461.0,1.0
309,周,8,8.0,1278.0,1.0
310,呪,8,3.0,1992.0,1.0
311,味,8,6.0,1727.0,1.0
312,呼,8,3.0,1292.0,1.0
313,命,8,3.0,1123.0,1.0
314,和,8,8.0,413.0,2.0
315,咽,9,8.0,64.0,3.0
316,哀,9,3.0,1403.0,1.0
317,品,9,3.0,765.0,2.0
318,員,10,8.0,2390.0,1.0
319,哲,10,8.0,1120.0,2.0
320,哺,10,8.0,769.0,1.0
321,唆,10,8.0,1858.0,1.0
322,唇,10,8.0,885.0,2.0
323,唐,10,8.0,1347.0,2.0
324,唯,11,4.0,303.0,1.0
325,唱,11,8.0,2480.0,1.0
326,唾,11,3.0,2310.0,1.0
327,商,11,3.0,1584.0,2.0
328,問,11,8.0,1903.0,1.0
329,啓,11,6.0,525.0,1.0
330,善,12,8.0,1270.0,1.0
331,喉,12,8.0,2141.0,4.0
332,喚,12,5.0,2107.0,3.0
333,喜,12,8.0,47.0,2.0
334,喝,11,8.0,50.0,2.0
335,喩,12,8.0,636.0,2.0
336,喪,12,8.0,213.0,2.0
337,喫,12,5.0,843.0,3.0
338,営,12,8.0,771.0,2.0
339,嗅,13,8.0,539.0,4.0
340,嗣,13,8.0,750.0,1.0
341,嘆,13,8.0,3.0,2.0
342,嘱,15,8.0,1216.0,4.0
343,嘲,15,4.0,628.0,2.0
344,器,15,8.0,307.0,2.0
345,噴,15,8.0,718.0,3.0
346,嚇,17,8.0,211.0,2.0
347,囚,5,1.0,40.0,2.0
348,四,5,2.0,865.0,2.0
349,回,6,5.0,715.0,1.0
350,因,6,5.0,1832.0,1.0
351,団,6,6.0,2040.0,2.0
352,困,7,5.0,1720.0,2.0
353,囲,7,2.0,482.0,2.0
354,図,7,4.0,1110.0,2.0
355,固,8,2.0,795.0,1.0
356,国,8,8.0,396.0,1.0
357,圏,12,2.0,800.0,2.0
358,園,13,1.0,1431.0,3.0
359,土,3,5.0,241.0,1.0
360,圧,5,5.0,1010.0,1.0
361,在,6,2.0,1049.0,1.0
362,地,6,3.0,2184.0,1.0
363,坂,7,5.0,2087.0,2.0
364,均,7,8.0,1658.0,3.0
365,坊,7,8.0,1953.0,1.0
366,坑,7,6.0,167.0,1.0
367,垂,8,5.0,52.0,1.0
368,型,9,8.0,1991.0,1.0
369,埋,10,6.0,651.0,2.0
370,城,9,6.0,1800.0,2.0
371,域,11,8.0,1708.0,2.0
372,執,11,8.0,1414.0,1.0
373,培,11,5.0,1148.0,2.0
374,基,11,5.0,1297.0,1.0
375,堂,11,8.0,346.0,2.0
376,堅,12,8.0,1337.0,1.0
377,堆,11,8.0,231.0,1.0
378,堕,12,8.0,1466.0,1.0
379,堤,12,8.0,1616.0,1.0
380,堪,12,5.0,1822.0,2.0
381,報,12,2.0,1037.0,1.0
382,場,12,8.0,1512.0,1.0
383,塀,12,8.0,727.0,1.0
384,塁,12,8.0,1407.0,1.0
385,塊,13,8.0,526.0,1.0
386,塑,13,8.0,1657.0,3.0
387,塔,12,8.0,388.0,1.0
388,塗,13,8.0,2351.0,3.0
389,塞,13,8.0,202.0,2.0
390,塡,13,4.0,238.0,3.0
391,塩,13,8.0,659.0,3.0
392,塾,14,5.0,924.0,4.0
393,境,14,5.0,81.0,4.0
394,墓,13,5.0,139.0,3.0
395,増,14,8.0,487.0,2.0
396,墜,15,8.0,943.0,4.0
397,墨,14,8.0,7.0,4.0
398,墳,15,8.0,512.0,3.0
399,墾,16,8.0,552.0,2.0
400,壁,16,8.0,335.0,2.0
401,壇,16,8.0,582.0,2.0
402,壊,16,8.0,447.0,1.0
403,壌,16,5.0,1367.0,1.0
404,士,3,8.0,841.0,1.0
405,壮,6,2.0,1624.0,1.0
406,声,7,8.0,1067.0,1.0
407,壱,7,2.0,898.0,1.0
408,売,7,4.0,1884.0,2.0
409,変,9,2.0,1018.0,1.0
410,夏,10,1.0,1445.0,1.0
411,夕,3,2.0,974.0,1.0
412,外,5,2.0,1521.0,4.0
413,多,6,2.0,151.0,1.0
414,夜,8,5.0,1932.0,3.0
415,夢,13,1.0,423.0,1.0
416,大,3,1.0,1704.0,1.0
417,天,4,2.0,1752.0,1.0
418,太,4,4.0,2264.0,1.0
419,夫,4,3.0,1413.0,1.0
420,央,5,4.0,1964.0,1.0
421,失,5,8.0,1122.0,1.0
422,奇,8,4.0,1102.0,3.0
423,奈,8,8.0,1482.0,2.0
424,奉,8,6.0,1446.0,3.0
425,奏,9,8.0,691.0,3.0
426,契,9,8.0,1473.0,2.0
427,奔,8,8.0,244.0,2.0
428,奥,12,8.0,1628.0,1.0
429,奨,13,8.0,187.0,1.0
430,奪,14,6.0,1985.0,1.0
431,奮,16,1.0,441.0,1.0
432,女,3,8.0,1103.0,1.0
433,奴,5,4.0,1623.0,1.0
434,好,6,8.0,1827.0,2.0
435,如,6,8.0,2435.0,2.0
436,妃,6,8.0,767.0,1.0
437,妄,6,8.0,671.0,1.0
438,妊,7,8.0,2099.0,1.0
439,妖,7,8.0,1900.0,1.0
440,妙,7,8.0,1735.0,1.0
441,妥,7,8.0,1581.0,1.0
442,妨,7,8.0,2317.0,1.0
443,妬,8,2.0,1207.0,4.0
444,妹,8,5.0,2130.0,1.0
445,妻,8,2.0,2059.0,3.0
446,姉,8,3.0,72.0,2.0
447,始,8,8.0,2052.0,1.0
448,姓,8,3.0,485.0,2.0
449,委,8,8.0,577.0,1.0
450,姻,9,6.0,1030.0,4.0
451,姿,9,8.0,842.0,2.0
452,威,9,8.0,1239.0,2.0
453,娠,10,8.0,63.0,2.0
454,娯,10,8.0,1388.0,2.0
455,婆,11,8.0,357.0,4.0
456,婚,11,5.0,883.0,2.0
457,婦,11,8.0,457.0,1.0
458,婿,12,8.0,144.0,2.0
459,媒,12,4.0,595.0,2.0
460,媛,12,8.0,997.0,2.0
461,嫁,13,8.0,230.0,1.0
462,嫉,13,8.0,1005.0,2.0
463,嫌,13,8.0,48.0,2.0
464,嫡,14,8.0,1766.0,2.0
465,嬢,16,1.0,1139.0,1.0
466,子,3,8.0,68.0,3.0
467,孔,4,1.0,557.0,1.0
468,字,6,6.0,695.0,1.0
469,存,6,6.0,550.0,2.0
470,孝,7,4.0,367.0,1.0
471,季,8,8.0,1597.0,1.0
472,孤,9,1.0,358.0,3.0
473,学,8,4.0,1675.0,2.0
474,孫,10,6.0,2262.0,2.0
475,宅,6,6.0,133.0,1.0
476,宇,6,3.0,264.0,2.0
477,守,6,3.0,701.0,1.0
478,安,6,4.0,1599.0,2.0
479,完,7,6.0,673.0,3.0
480,宗,8,4.0,815.0,1.0
481,官,8,6.0,644.0,2.0
482,宙,8,3.0,1456.0,2.0
483,定,8,8.0,1377.0,1.0
484,宜,8,6.0,1034.0,1.0
485,宝,8,3.0,477.0,1.0
486,実,8,3.0,2035.0,1.0
487,客,9,6.0,1697.0,1.0
488,宣,9,2.0,412.0,2.0
489,室,9,3.0,1705.0,2.0
490,宮,10,8.0,1669.0,1.0
491,宰,10,4.0,879.0,2.0
492,害,10,8.0,34.0,2.0
493,宴,10,8.0,1245.0,1.0
494,宵,10,2.0,1143.0,2.0
495,家,10,5.0,506.0,1.0
496,容,10,3.0,937.0,2.0
497,宿,11,8.0,634.0,1.0
498,寂,11,5.0,2007.0,2.0
499,寄,11,6.0,1181.0,4.0
500,密,11,5.0,1398.0,4.0
501,富,12,3.0,354.0,1.0
502,寒,12,8.0,114.0,1.0
503,寛,13,8.0,287.0,1.0
504,寝,13,4.0,1531.0,1.0
505,察,14,8.0,624.0,1.0
506,寡,14,8.0,1940.0,1.0
507,寧,14,8.0,1844.0,1.0
508,審,15,8.0,1234.0,2.0
509,寮,15,6.0,875.0,2.0
510,寸,3,2.0,1672.0,1.0
511,寺,6,3.0,286.0,3.0
512,対,7,8.0,836.0,2.0
513,寿,7,8.0,1434.0,1.0
514,封,9,6.0,616.0,2.0
515,専,9,6.0,352.0,1.0
516,射,10,6.0,912.0,1.0
517,将,10,8.0,801.0,4.0
518,尉,11,6.0,1619.0,1.0
519,尊,12,8.0,1980.0,2.0
520,尋,12,5.0,131.0,1.0
521,導,15,1.0,1428.0,2.0
522,小,3,2.0,787.0,1.0
523,少,4,8.0,1334.0,1.0
524,尚,8,6.0,556.0,2.0
525,就,12,6.0,1833.0,1.0
526,尺,4,8.0,1836.0,1.0
527,尼,5,8.0,245.0,4.0
528,尽,6,8.0,1970.0,2.0
529,尾,7,8.0,778.0,1.0
530,尿,7,3.0,181.0,1.0
531,局,7,5.0,386.0,3.0
532,居,8,8.0,1262.0,4.0
533,屈,8,3.0,1588.0,1.0
534,屋,9,6.0,299.0,2.0
535,展,10,5.0,630.0,2.0
536,属,12,6.0,1537.0,1.0
537,層,14,8.0,892.0,2.0
538,履,15,8.0,449.0,3.0
539,屯,4,1.0,1098.0,2.0
540,山,3,4.0,944.0,1.0
541,岐,7,2.0,42.0,2.0
542,岩,8,8.0,877.0,1.0
543,岳,8,3.0,1923.0,1.0
544,岸,8,8.0,896.0,2.0
545,峡,9,8.0,1276.0,2.0
546,峰,10,3.0,2016.0,2.0
547,島,10,8.0,563.0,3.0
548,崇,11,8.0,370.0,1.0
549,崖,11,8.0,746.0,2.0
550,崩,11,1.0,504.0,2.0
551,川,3,3.0,1459.0,2.0
552,州,6,8.0,293.0,1.0
553,巡,6,4.0,1742.0,1.0
554,巣,11,2.0,641.0,2.0
555,工,3,1.0,835.0,2.0
556,左,5,8.0,1803.0,4.0
557,巧,5,8.0,1349.0,2.0
558,巨,5,4.0,128.0,1.0
559,差,10,6.0,6.0,1.0
560,己,3,6.0,786.0,2.0
561,巻,9,8.0,364.0,1.0
562,巾,3,2.0,1564.0,1.0
563,市,5,5.0,1227.0,2.0
564,布,5,8.0,1996.0,3.0
565,帆,6,4.0,1725.0,2.0
566,希,7,8.0,793.0,1.0
567,帝,9,8.0,263.0,2.0
568,帥,9,5.0,1175.0,4.0
569,師,10,4.0,1160.0,2.0
570,席,10,4.0,867.0,3.0
571,帯,10,2.0,378.0,2.0
572,帰,10,3.0,170.0,2.0
573,帳,11,5.0,110.0,2.0
574,常,11,8.0,588.0,1.0
575,帽,12,8.0,852.0,2.0
576,幅,12,6.0,816.0,1.0
577,幕,13,8.0,1558.0,1.0
578,幣,15,6.0,760.0,1.0
579,干,3,3.0,2038.0,1.0
580,平,5,1.0,698.0,2.0
581,年,6,3.0,2066.0,1.0
582,幸,8,5.0,1598.0,3.0
583,幹,13,8.0,747.0,1.0
584,幻,4,6.0,1439.0,1.0
585,幼,5,8.0,300.0,2.0
586,幽,9,8.0,619.0,1.0
587,幾,12,6.0,1750.0,1.0
588,庁,5,2.0,251.0,1.0
589,広,5,8.0,1802.0,3.0
590,床,7,5.0,1840.0,3.0
591,序,7,4.0,218.0,1.0
592,底,8,2.0,1161.0,1.0
593,店,8,4.0,1773.0,3.0
594,府,8,3.0,2371.0,2.0
595,度,9,6.0,958.0,3.0
596,座,10,3.0,403.0,1.0
597,庫,10,3.0,112.0,2.0
598,庭,10,8.0,853.0,2.0
599,庶,11,4.0,91.0,1.0
600,康,11,8.0,418.0,1.0
601,庸,11,8.0,1251.0,1.0
602,廃,12,8.0,1533.0,1.0
603,廉,13,8.0,1310.0,2.0
604,廊,12,6.0,464.0,2.0
605,延,8,8.0,315.0,1.0
606,廷,7,4.0,648.0,1.0
607,建,9,5.0,1421.0,1.0
608,弁,5,8.0,1578.0,3.0
609,弄,7,8.0,1435.0,2.0
610,弊,15,3.0,391.0,4.0
611,式,6,8.0,992.0,1.0
612,弐,6,2.0,26.0,2.0
613,弓,3,8.0,1470.0,1.0
614,弔,4,2.0,817.0,2.0
615,引,4,2.0,601.0,2.0
616,弟,7,8.0,175.0,2.0
617,弦,8,8.0,1087.0,1.0
618,弧,9,2.0,438.0,1.0
619,弱,10,5.0,1699.0,1.0
620,張,11,2.0,1108.0,1.0
621,強,11,8.0,1091.0,1.0
622,弾,12,2.0,850.0,3.0
623,当,6,8.0,968.0,2.0
624,彙,13,2.0,157.0,1.0
625,形,7,8.0,265.0,1.0
626,彩,11,8.0,1882.0,2.0
627,彫,11,8.0,1700.0,2.0
628,彰,14,8.0,823.0,2.0
629,影,15,3.0,1129.0,2.0
630,役,7,8.0,1475.0,1.0
631,彼,8,5.0,266.0,2.0
632,往,8,8.0,1113.0,2.0
633,征,8,4.0,1074.0,2.0
634,径,8,3.0,390.0,2.0
635,待,9,6.0,1221.0,3.0
636,律,9,2.0,1325.0,1.0
637,後,9,8.0,132.0,3.0
638,徐,10,4.0,1703.0,2.0
639,徒,10,6.0,309.0,1.0
640,従,10,5.0,104.0,2.0
641,得,11,8.0,2137.0,2.0
642,御,12,5.0,1634.0,1.0
643,復,12,8.0,1296.0,2.0
644,循,12,8.0,878.0,1.0
645,微,13,5.0,1314.0,1.0
646,徳,14,8.0,2325.0,1.0
647,徴,14,8.0,1575.0,2.0
648,徹,15,2.0,1877.0,2.0
649,心,4,4.0,1418.0,1.0
650,必,5,8.0,1737.0,1.0
651,忌,7,8.0,882.0,1.0
652,忍,7,5.0,925.0,1.0
653,志,7,6.0,1460.0,1.0
654,忘,7,8.0,1411.0,2.0
655,忙,6,5.0,1921.0,3.0
656,応,7,6.0,796.0,2.0
657,忠,8,5.0,1762.0,1.0
658,快,7,4.0,1084.0,2.0
659,念,8,8.0,530.0,1.0
660,怒,9,8.0,1014.0,1.0
661,怖,8,2.0,1645.0,1.0
662,思,9,8.0,235.0,1.0
663,怠,9,3.0,777.0,2.0
664,急,9,5.0,1641.0,1.0
665,性,8,8.0,2097.0,1.0
666,怨,9,8.0,1463.0,3.0
667,怪,8,8.0,2336.0,1.0
668,恋,10,8.0,381.0,2.0
669,恐,10,8.0,2171.0,2.0
670,恒,9,8.0,1974.0,1.0
671,恣,10,8.0,99.0,1.0
672,恥,10,8.0,1551.0,1.0
673,恨,9,6.0,640.0,1.0
674,恩,10,8.0,233.0,1.0
675,恭,10,3.0,1811.0,1.0
676,息,10,8.0,353.0,2.0
677,恵,10,8.0,1826.0,1.0
678,悔,9,8.0,999.0,1.0
679,悟,10,8.0,2100.0,1.0
680,悠,11,8.0,1368.0,1.0
681,患,11,8.0,1177.0,1.0
682,悦,10,8.0,1875.0,2.0
683,悩,10,3.0,916.0,1.0
684,悪,11,3.0,1158.0,1.0
685,悲,12,8.0,1300.0,1.0
686,悼,11,5.0,1625.0,1.0
687,情,11,8.0,1808.0,1.0
688,惑,12,8.0,1863.0,1.0
689,惜,11,8.0,2259.0,1.0
690,惧,11,8.0,1731.0,1.0
691,惨,11,8.0,551.0,1.0
692,惰,12,3.0,1324.0,1.0
693,想,13,8.0,1682.0,2.0
694,愁,13,8.0,1135.0,1.0
695,愉,12,3.0,1493.0,1.0
696,意,13,8.0,1303.0,2.0
697,愚,13,4.0,889.0,1.0
698,愛,13,3.0,116.0,2.0
699,感,13,8.0,829.0,2.0
700,慄,13,8.0,1062.0,1.0
701,慈,13,5.0,78.0,3.0
702,態,14,8.0,1880.0,1.0
703,慌,12,8.0,2332.0,1.0
704,慎,13,8.0,575.0,4.0
705,慕,14,8.0,890.0,2.0
706,慢,14,5.0,808.0,2.0
707,慣,14,8.0,221.0,2.0
708,慨,13,8.0,1805.0,1.0
709,慮,15,8.0,1866.0,2.0
710,慰,15,8.0,60.0,2.0
711,慶,15,8.0,1497.0,2.0
712,憂,15,8.0,239.0,1.0
713,憎,14,8.0,813.0,1.0
714,憤,15,8.0,1879.0,1.0
715,憧,15,8.0,568.0,2.0
716,憩,16,8.0,775.0,1.0
717,憬,15,6.0,434.0,2.0
718,憲,16,8.0,2328.0,2.0
719,憶,16,8.0,1569.0,1.0
720,憾,16,8.0,834.0,1.0
721,懇,17,8.0,236.0,2.0
722,懐,16,8.0,666.0,1.0
723,懲,18,8.0,962.0,1.0
724,懸,20,4.0,726.0,2.0
725,成,6,6.0,847.0,1.0
726,我,7,8.0,1438.0,2.0
727,戒,7,8.0,871.0,1.0
728,戚,11,4.0,1182.0,1.0
729,戦,13,8.0,2006.0,1.0
730,戯,15,8.0,789.0,1.0
731,戴,17,2.0,1437.0,1.0
732,戸,4,8.0,422.0,1.0
733,戻,7,8.0,1373.0,2.0
734,房,8,3.0,1498.0,2.0
735,所,8,8.0,863.0,1.0
736,扇,10,8.0,1526.0,2.0
737,扉,12,1.0,1336.0,1.0
738,手,4,2.0,1938.0,1.0
739,才,3,3.0,840.0,1.0
740,打,5,8.0,1443.0,2.0
741,払,5,8.0,858.0,3.0
742,扶,7,6.0,611.0,2.0
743,批,7,6.0,1026.0,1.0
744,承,8,5.0,2421.0,1.0
745,技,7,8.0,1935.0,2.0
746,抄,7,8.0,2057.0,1.0
747,把,7,8.0,1479.0,1.0
748,抑,7,3.0,119.0,2.0
749,投,7,8.0,155.0,2.0
750,抗,7,4.0,989.0,2.0
751,折,7,8.0,257.0,2.0
752,抜,7,8.0,1870.0,2.0
753,択,7,8.0,2258.0,1.0
754,披,8,8.0,1869.0,1.0
755,抱,8,8.0,614.0,2.0
756,抵,8,8.0,1908.0,2.0
757,抹,8,8.0,1976.0,2.0
758,押,8,8.0,604.0,2.0
759,抽,8,6.0,592.0,1.0
760,担,8,8.0,1266.0,1.0
761,拉,8,8.0,1255.0,1.0
762,拍,8,8.0,535.0,1.0
763,拐,8,8.0,1757.0,1.0
764,拒,8,8.0,1047.0,1.0
765,拓,8,8.0,1257.0,1.0
766,拘,8,8.0,607.0,2.0
767,拙,8,5.0,930.0,1.0
768,招,8,6.0,523.0,1.0
769,拝,8,8.0,1000.0,1.0
770,拠,8,6.0,507.0,1.0
771,拡,8,8.0,818.0,2.0
772,括,9,8.0,899.0,1.0
773,拭,9,8.0,876.0,1.0
774,拳,10,8.0,254.0,1.0
775,拶,9,8.0,1316.0,1.0
776,拷,9,3.0,687.0,1.0
777,拾,9,3.0,1003.0,1.0
778,持,9,3.0,946.0,1.0
779,指,9,8.0,312.0,1.0
780,挑,9,4.0,1079.0,1.0
781,挙,10,8.0,807.0,1.0
782,挟,9,8.0,1664.0,1.0
783,挨,10,8.0,1472.0,1.0
784,挫,10,8.0,1017.0,2.0
785,振,10,8.0,2046.0,1.0
786,挿,10,8.0,1779.0,1.0
787,捉,10,8.0,564.0,2.0
788,捕,10,8.0,1252.0,2.0
789,捗,10,8.0,2170.0,1.0
790,捜,10,6.0,473.0,2.0
791,捨,11,8.0,811.0,2.0
792,捻,11,8.0,1023.0,2.0
793,掃,11,5.0,1283.0,1.0
794,授,11,8.0,1213.0,2.0
795,掌,12,8.0,1016.0,2.0
796,排,11,8.0,1485.0,3.0
797,掘,11,5.0,1990.0,1.0
798,採,11,6.0,159.0,2.0
799,探,11,5.0,147.0,2.0
800,接,11,8.0,532.0,2.0
801,控,11,6.0,288.0,2.0
802,推,11,8.0,17.0,1.0
803,措,11,8.0,612.0,1.0
804,掲,11,8.0,1042.0,3.0
805,描,11,5.0,799.0,1.0
806,提,12,8.0,516.0,1.0
807,揚,12,8.0,166.0,1.0
808,換,12,8.0,1859.0,3.0
809,握,12,6.0,758.0,1.0
810,揮,12,8.0,1078.0,1.0
811,援,12,8.0,148.0,1.0
812,揺,12,5.0,478.0,2.0
813,損,13,8.0,1205.0,4.0
814,搬,13,8.0,1212.0,3.0
815,搭,12,8.0,190.0,1.0
816,携,13,8.0,1209.0,3.0
817,搾,13,8.0,1155.0,1.0
818,摂,13,8.0,2165.0,3.0
819,摘,14,8.0,1885.0,1.0
820,摩,15,8.0,295.0,1.0
821,摯,15,8.0,1504.0,4.0
822,撃,15,8.0,2231.0,1.0
823,撤,15,8.0,2132.0,2.0
824,撮,15,8.0,338.0,1.0
825,撲,15,8.0,51.0,3.0
826,擁,16,6.0,46.0,1.0
827,操,16,8.0,323.0,1.0
828,擦,17,8.0,783.0,1.0
829,擬,17,5.0,1801.0,2.0
830,支,4,4.0,393.0,3.0
831,改,7,8.0,1190.0,2.0
832,攻,7,3.0,1081.0,2.0
833,放,8,5.0,1.0,2.0
834,政,9,5.0,549.0,3.0
835,故,9,8.0,1166.0,3.0
836,敏,10,5.0,402.0,2.0
837,救,11,4.0,1162.0,1.0
838,敗,11,2.0,2342.0,1.0
839,教,11,8.0,1688.0,3.0
840,敢,12,4.0,826.0,4.0
841,散,12,6.0,67.0,2.0
842,敬,12,2.0,571.0,2.0
843,数,13,3.0,1197.0,2.0
844,整,16,6.0,844.0,2.0
845,敵,15,8.0,404.0,1.0
846,敷,15,1.0,579.0,1.0
847,文,4,8.0,226.0,1.0
848,斉,8,8.0,697.0,3.0
849,斎,11,8.0,1045.0,2.0
850,斑,12,8.0,1115.0,3.0
851,斗,4,4.0,16.0,1.0
852,料,10,8.0,1424.0,1.0
853,斜,11,8.0,757.0,2.0
854,斤,4,8.0,419.0,2.0
855,斥,5,8.0,1022.0,2.0
856,斬,11,5.0,1613.0,3.0
857,断,11,2.0,1924.0,2.0
858,新,13,2.0,1386.0,2.0
859,方,4,8.0,1442.0,4.0
860,施,9,3.0,1371.0,1.0
861,旅,10,8.0,1040.0,2.0
862,旋,11,3.0,1765.0,2.0
863,族,11,4.0,1112.0,4.0
864,旗,14,8.0,978.0,3.0
865,既,10,1.0,692.0,3.0
866,日,4,8.0,1899.0,1.0
867,旦,5,5.0,940.0,1.0
868,旧,5,8.0,810.0,2.0
869,旨,6,1.0,861.0,3.0
870,早,6,8.0,169.0,2.0
871,旬,6,8.0,1998.0,4.0
872,旺,8,8.0,1320.0,2.0
873,昆,8,8.0,979.0,2.0
874,昇,8,2.0,82.0,4.0
875,明,8,5.0,23.0,2.0
876,易,8,3.0,282.0,1.0
877,昔,8,2.0,873.0,1.0
878,星,9,6.0,1374.0,2.0
879,映,9,2.0,470.0,1.0
880,春,9,8.0,248.0,2.0
881,昧,9,4.0,117.0,3.0
882,昨,9,3.0,317.0,2.0
883,昭,9,8.0,650.0,2.0
884,是,9,2.0,456.0,4.0
885,昼,9,2.0,10.0,2.0
886,時,10,6.0,921.0,4.0
887,晩,12,8.0,1788.0,1.0
888,普,12,4.0,1626.0,2.0
889,景,12,2.0,1671.0,1.0
890,晴,12,8.0,1891.0,3.0
891,晶,12,8.0,565.0,2.0
892,暁,12,8.0,253.0,2.0
893,暇,13,3.0,918.0,2.0
894,暑,12,6.0,363.0,1.0
895,暖,13,3.0,102.0,2.0
896,暗,13,8.0,1235.0,1.0
897,暦,14,8.0,37.0,1.0
898,暫,15,6.0,471.0,1.0
899,暮,14,5.0,926.0,1.0
900,暴,15,8.0,980.0,2.0
901,曇,16,8.0,656.0,2.0
902,曖,17,2.0,911.0,1.0
903,曜,18,3.0,258.0,2.0
904,曲,6,8.0,1401.0,2.0
905,更,7,2.0,1791.0,1.0
906,書,10,8.0,1749.0,4.0
907,曹,11,8.0,1555.0,1.0
908,曽,11,8.0,1140.0,2.0
909,替,12,4.0,2106.0,2.0
910,最,12,1.0,837.0,1.0
911,月,4,3.0,1187.0,1.0
912,有,6,3.0,1119.0,2.0
913,服,8,8.0,1169.0,1.0
914,朕,10,6.0,184.0,1.0
915,朗,10,4.0,920.0,1.0
916,望,11,2.0,2199.0,1.0
917,朝,12,3.0,294.0,2.0
918,期,12,1.0,475.0,1.0
919,木,4,4.0,620.0,1.0
920,未,5,4.0,281.0,2.0
921,末,5,1.0,1496.0,1.0
922,本,5,4.0,1784.0,3.0
923,札,5,8.0,206.0,1.0
924,朱,6,8.0,1650.0,2.0
925,朴,6,6.0,1237.0,1.0
926,机,6,8.0,2093.0,2.0
927,朽,6,4.0,1232.0,3.0
928,材,7,1.0,1321.0,2.0
929,村,7,4.0,901.0,1.0
930,束,7,5.0,1311.0,3.0
931,条,7,2.0,1455.0,1.0
932,来,7,8.0,1406.0,2.0
933,杯,8,2.0,609.0,2.0
934,東,8,4.0,2161.0,1.0
935,松,8,3.0,2245.0,2.0
936,板,8,8.0,699.0,1.0
937,析,8,1.0,1911.0,2.0
938,林,8,6.0,290.0,2.0
939,枚,8,4.0,43.0,1.0
940,果,8,5.0,460.0,2.0
941,枝,8,8.0,2173.0,2.0
942,枢,8,8.0,373.0,1.0
943,枯,9,8.0,1335.0,2.0
944,架,9,8.0,316.0,2.0
945,柄,9,8.0,493.0,2.0
946,某,9,6.0,1809.0,2.0
947,染,9,8.0,686.0,1.0
948,柔,9,3.0,668.0,1.0
949,柱,9,8.0,156.0,3.0
950,柳,9,8.0,480.0,1.0
951,柵,9,5.0,988.0,3.0
952,査,9,4.0,553.0,3.0
953,栄,9,8.0,127.0,2.0
954,栓,10,1.0,1523.0,3.0
955,校,10,8.0,860.0,2.0
956,核,10,3.0,222.0,2.0
957,根,10,5.0,421.0,2.0
958,格,10,8.0,902.0,3.0
959,栽,10,8.0,1541.0,1.0
960,桃,10,4.0,1854.0,1.0
961,案,10,8.0,519.0,2.0
962,桑,10,5.0,1065.0,1.0
963,桜,10,8.0,310.0,1.0
964,桟,10,4.0,143.0,2.0
965,梅,10,8.0,387.0,2.0
966,梗,11,4.0,554.0,1.0
967,械,11,8.0,1106.0,2.0
968,棄,13,8.0,269.0,4.0
969,棋,12,6.0,632.0,4.0
970,棒,12,8.0,229.0,2.0
971,棟,12,1.0,2080.0,2.0
972,森,12,8.0,1361.0,2.0
973,棺,12,8.0,380.0,1.0
974,椅,12,3.0,1362.0,3.0
975,植,12,8.0,1622.0,4.0
976,椎,12,5.0,479.0,4.0
977,検,12,3.0,581.0,2.0
978,業,13,4.0,1892.0,2.0
979,極,12,8.0,1199.0,1.0
980,楷,13,8.0,570.0,2.0
981,楼,13,2.0,436.0,2.0
982,楽,13,8.0,1419.0,2.0
983,概,14,5.0,329.0,1.0
984,構,14,3.0,1179.0,3.0
985,様,14,8.0,84.0,1.0
986,槽,15,4.0,28.0,2.0
987,標,15,6.0,113.0,1.0
988,模,14,6.0,223.0,2.0
989,権,15,3.0,1450.0,1.0
990,横,15,6.0,846.0,1.0
991,樹,16,3.0,1843.0,1.0
992,橋,16,4.0,220.0,1.0
993,機,16,8.0,2014.0,2.0
994,欄,20,4.0,1502.0,2.0
995,欠,4,3.0,908.0,2.0
996,次,6,8.0,704.0,2.0
997,欧,8,6.0,827.0,1.0
998,欲,11,8.0,71.0,1.0
999,欺,12,8.0,2020.0,2.0
1000,款,12,2.0,1271.0,2.0
1001,歌,14,8.0,929.0,2.0
1002,歓,15,2.0,1897.0,1.0
1003,止,4,1.0,1385.0,2.0
1004,正,5,5.0,296.0,1.0
1005,武,8,2.0,663.0,2.0
1006,歩,8,3.0,1709.0,2.0
1007,歯,12,8.0,690.0,2.0
1008,歳,13,5.0,109.0,3.0
1009,歴,14,3.0,1467.0,1.0
1010,死,6,8.0,1121.0,2.0
1011,殉,10,8.0,490.0,3.0
1012,殊,10,4.0,1086.0,3.0
1013,残,10,8.0,1233.0,1.0
1014,殖,12,8.0,2112.0,1.0
1015,殴,8,6.0,100.0,1.0
1016,段,9,5.0,1872.0,2.0
1017,殺,10,8.0,740.0,1.0
1018,殻,11,8.0,1380.0,2.0
1019,殿,13,8.0,1589.0,1.0
1020,毀,13,2.0,497.0,2.0
1021,母,5,2.0,1281.0,1.0
1022,毎,6,5.0,1223.0,1.0
1023,毒,8,5.0,763.0,2.0
1024,比,4,2.0,1168.0,2.0
1025,毛,4,4.0,1618.0,3.0
1026,氏,4,4.0,1036.0,1.0
1027,民,5,1.0,1778.0,2.0
1028,気,6,1.0,171.0,2.0
1029,水,4,3.0,164.0,1.0
1030,氷,5,5.0,280.0,2.0
1031,永,5,8.0,1383.0,2.0
1032,氾,5,8.0,1253.0,1.0
1033,汁,5,4.0,645.0,1.0
1034,求,7,8.0,1508.0,2.0
1035,汎,6,8.0,776.0,2.0
1036,汗,6,8.0,1136.0,1.0
1037,汚,6,8.0,200.0,2.0
1038,江,6,2.0,1447.0,1.0
1039,池,6,8.0,345.0,2.0
1040,汰,7,3.0,1381.0,1.0
1041,決,7,2.0,1525.0,1.0
1042,汽,7,8.0,1210.0,1.0
1043,沃,7,8.0,1783.0,2.0
1044,沈,7,4.0,1922.0,2.0
1045,沖,7,8.0,1436.0,1.0
1046,沙,7,8.0,484.0,2.0
1047,没,7,8.0,824.0,2.0
1048,沢,7,5.0,1501.0,2.0
1049,河,8,8.0,705.0,2.0
1050,沸,8,3.0,1944.0,1.0
1051,油,8,4.0,168.0,2.0
1052,治,8,8.0,499.0,2.0
1053,沼,8,6.0,1011.0,2.0
1054,沿,8,8.0,2063.0,2.0
1055,況,8,6.0,261.0,1.0
1056,泉,9,8.0,446.0,2.0
1057,泊,8,8.0,1789.0,1.0
1058,泌,8,4.0,838.0,2.0
1059,法,8,8.0,761.0,1.0
1060,泡,8,3.0,495.0,1.0
1061,波,8,4.0,1344.0,1.0
1062,泣,8,8.0,2070.0,1.0
1063,泥,8,3.0,1356.0,2.0
1064,注,8,8.0,545.0,2.0
1065,泰,10,3.0,1517.0,1.0
1066,泳,8,3.0,515.0,1.0
1067,洋,9,6.0,738.0,1.0
1068,洗,9,8.0,425.0,2.0
1069,洞,9,8.0,1736.0,1.0
1070,津,9,8.0,1364.0,3.0
1071,洪,9,2.0,1222.0,1.0
1072,活,9,6.0,1563.0,1.0
1073,派,9,3.0,1238.0,1.0
1074,流,10,8.0,1107.0,1.0
1075,浄,9,4.0,2019.0,1.0
1076,浅,9,8.0,1094.0,1.0
1077,浜,10,8.0,1492.0,1.0
1078,浪,10,8.0,1971.0,1.0
1079,浮,10,4.0,1298.0,1.0
1080,浴,10,2.0,267.0,2.0
1081,海,9,8.0,1611.0,1.0
1082,浸,10,3.0,1487.0,2.0
1083,消,10,8.0,1408.0,4.0
1084,涙,10,8.0,2115.0,2.0
1085,涯,11,5.0,1595.0,2.0
1086,液,11,8.0,1329.0,1.0
1087,涼,11,8.0,1644.0,1.0
1088,淑,11,8.0,1231.0,1.0
1089,淡,11,8.0,1722.0,1.0
1090,淫,11,3.0,560.0,2.0
1091,深,11,5.0,1883.0,2.0
1092,混,11,8.0,1200.0,1.0
1093,添,11,4.0,1698.0,1.0
1094,清,11,8.0,574.0,2.0
1095,渇,11,6.0,1605.0,1.0
1096,済,11,8.0,1717.0,2.0
1097,渉,11,8.0,976.0,2.0
1098,渋,11,8.0,1359.0,2.0
1099,渓,11,5.0,1777.0,2.0
1100,減,12,8.0,1242.0,1.0
1101,渡,12,8.0,1307.0,1.0
1102,渦,12,3.0,165.0,1.0
1103,温,12,5.0,831.0,2.0
1104,測,12,3.0,1397.0,2.0
1105,港,12,3.0,274.0,2.0
1106,湖,12,8.0,973.0,2.0
1107,湧,12,3.0,401.0,1.0
1108,湯,12,8.0,982.0,4.0
1109,湾,12,8.0,2458.0,1.0
1110,湿,12,4.0,1290.0,2.0
1111,満,12,6.0,1004.0,2.0
1112,源,13,5.0,2081.0,3.0
1113,準,13,8.0,1565.0,1.0
1114,溝,13,8.0,1415.0,3.0
1115,溶,13,8.0,700.0,1.0
1116,溺,13,8.0,948.0,3.0
1117,滅,13,4.0,1819.0,1.0
1118,滋,12,8.0,735.0,3.0
1119,滑,13,8.0,646.0,2.0
1120,滞,13,8.0,2333.0,2.0
1121,滴,14,4.0,1076.0,1.0
1122,漁,14,8.0,802.0,1.0
1123,漂,14,8.0,2067.0,2.0
1124,漆,14,8.0,1202.0,2.0
1125,漏,14,5.0,1360.0,1.0
1126,演,14,8.0,215.0,1.0
1127,漠,13,3.0,1274.0,2.0
1128,漢,13,8.0,234.0,1.0
1129,漫,14,8.0,1189.0,1.0
1130,漸,14,5.0,1326.0,1.0
1131,潔,15,8.0,874.0,1.0
1132,潜,15,8.0,298.0,1.0
1133,潤,15,6.0,1425.0,1.0
1134,潮,15,8.0,745.0,1.0
1135,潰,15,8.0,1785.0,2.0
1136,澄,15,6.0,365.0,2.0
1137,激,16,8.0,1346.0,2.0
1138,濁,16,8.0,1301.0,2.0
1139,濃,16,8.0,1851.0,1.0
1140,濫,18,8.0,1702.0,1.0
1141,濯,17,1.0,637.0,2.0
1142,火,4,4.0,1799.0,2.0
1143,灯,6,6.0,1772.0,3.0
1144,灰,6,5.0,1529.0,1.0
1145,災,7,8.0,1714.0,1.0
1146,炉,8,8.0,964.0,1.0
1147,炊,8,8.0,1409.0,2.0
1148,炎,8,3.0,383.0,1.0
1149,炭,9,2.0,737.0,1.0
1150,点,9,8.0,684.0,2.0
1151,為,9,8.0,2216.0,1.0
1152,烈,10,4.0,1330.0,4.0
1153,無,12,8.0,1711.0,3.0
1154,焦,12,4.0,1592.0,3.0
1155,然,12,4.0,85.0,3.0
1156,焼,12,8.0,302.0,2.0
1157,煎,13,8.0,86.0,1.0
1158,煙,13,4.0,1591.0,2.0
1159,照,13,8.0,2352.0,4.0
1160,煩,13,8.0,409.0,3.0
1161,煮,12,6.0,1850.0,3.0
1162,熟,15,4.0,1528.0,3.0
1163,熱,15,5.0,1248.0,1.0
1164,燃,16,8.0,1961.0,2.0
1165,燥,17,8.0,29.0,2.0
1166,爆,19,8.0,161.0,2.0
1167,爵,17,2.0,107.0,2.0
1168,父,4,8.0,90.0,2.0
1169,爽,11,6.0,325.0,2.0
1170,片,4,5.0,1073.0,1.0
1171,版,8,8.0,492.0,2.0
1172,牙,5,2.0,240.0,1.0
1173,牛,4,4.0,292.0,2.0
1174,牧,8,3.0,199.0,1.0
1175,物,8,8.0,158.0,3.0
1176,牲,9,4.0,2389.0,1.0
1177,特,10,8.0,2049.0,1.0
1178,犠,17,1.0,731.0,2.0
1179,犬,4,5.0,1824.0,1.0
1180,犯,5,5.0,774.0,1.0
1181,状,7,8.0,348.0,2.0
1182,狂,7,8.0,631.0,1.0
1183,狙,8,8.0,1665.0,1.0
1184,狩,9,5.0,1683.0,3.0
1185,独,9,8.0,1572.0,2.0
1186,狭,9,8.0,283.0,4.0
1187,猛,11,8.0,1661.0,4.0
1188,猟,11,8.0,1263.0,2.0
1189,猫,11,8.0,1577.0,2.0
1190,献,13,8.0,384.0,1.0
1191,猶,12,8.0,1111.0,2.0
1192,猿,13,8.0,1958.0,1.0
1193,獄,14,8.0,903.0,1.0
1194,獣,16,8.0,2037.0,2.0
1195,獲,16,8.0,1663.0,1.0
1196,玄,5,5.0,600.0,1.0
1197,率,11,1.0,1667.0,1.0
1198,玉,5,1.0,1973.0,1.0
1199,王,4,8.0,32.0,4.0
1200,玩,8,8.0,566.0,1.0
1201,珍,9,8.0,483.0,2.0
1202,珠,10,6.0,163.0,2.0
1203,班,10,5.0,105.0,1.0
1204,現,11,3.0,1267.0,2.0
1205,球,11,2.0,721.0,1.0
1206,理,11,8.0,1092.0,2.0
1207,琴,12,8.0,1654.0,3.0
1208,瑠,14,8.0,674.0,3.0
1209,璃,15,8.0,1051.0,2.0
1210,璧,18,8.0,712.0,1.0
1211,環,17,8.0,587.0,1.0
1212,璽,19,8.0,408.0,3.0
1213,瓦,5,8.0,881.0,1.0
1214,瓶,11,8.0,76.0,1.0
1215,甘,5,8.0,1767.0,1.0
1216,甚,9,1.0,246.0,1.0
1217,生,5,4.0,45.0,1.0
1218,産,11,2.0,1476.0,1.0
1219,用,5,1.0,548.0,1.0
1220,田,5,3.0,2177.0,1.0
1221,由,5,8.0,1060.0,3.0
1222,甲,5,3.0,140.0,3.0
1223,申,5,1.0,279.0,1.0
1224,男,7,1.0,1315.0,2.0
1225,町,7,2.0,1726.0,2.0
1226,画,8,3.0,1527.0,3.0
1227,界,9,8.0,376.0,1.0
1228,畏,9,8.0,1739.0,1.0
1229,畔,10,5.0,534.0,2.0
1230,留,10,8.0,1993.0,1.0
1231,畜,10,5.0,1265.0,1.0
1232,略,11,2.0,2069.0,2.0
1233,番,12,6.0,1538.0,1.0
1234,異,11,8.0,1294.0,1.0
1235,畳,12,8.0,205.0,2.0
1236,畿,15,8.0,689.0,1.0
1237,疎,12,6.0,2105.0,2.0
1238,疑,14,8.0,342.0,1.0
1239,疫,9,8.0,1146.0,1.0
1240,疲,10,8.0,336.0,2.0
1241,疾,10,3.0,1579.0,2.0
1242,病,10,8.0,1268.0,4.0
1243,症,10,8.0,590.0,2.0
1244,痕,11,8.0,2154.0,1.0
1245,痘,12,6.0,1867.0,2.0
1246,痛,12,8.0,1101.0,2.0
1247,痢,12,8.0,1609.0,2.0
1248,痩,12,8.0,1792.0,1.0
1249,痴,13,8.0,252.0,1.0
1250,瘍,14,8.0,1686.0,2.0
1251,療,17,8.0,1608.0,2.0
1252,癒,18,8.0,1977.0,1.0
1253,癖,18,3.0,1224.0,1.0
1254,発,9,3.0,237.0,2.0
1255,登,12,1.0,1185.0,1.0
1256,白,5,1.0,21.0,3.0
1257,百,6,4.0,1462.0,3.0
1258,的,8,8.0,1063.0,2.0
1259,皆,9,6.0,1226.0,2.0
1260,皇,9,3.0,1184.0,1.0
1261,皮,5,8.0,347.0,1.0
1262,盆,9,5.0,1273.0,1.0
1263,益,10,8.0,489.0,1.0
1264,盗,11,6.0,1124.0,2.0
1265,盛,11,6.0,681.0,2.0
1266,盟,13,8.0,1902.0,2.0
1267,監,15,8.0,2010.0,1.0
1268,盤,15,1.0,467.0,2.0
1269,目,5,8.0,848.0,1.0
1270,盲,8,2.0,242.0,1.0
1271,直,8,3.0,635.0,1.0
1272,相,9,8.0,531.0,1.0
1273,盾,9,4.0,1015.0,1.0
1274,省,9,8.0,862.0,2.0
1275,眉,9,6.0,2089.0,1.0
1276,看,9,3.0,1275.0,1.0
1277,県,9,3.0,985.0,1.0
1278,真,10,8.0,448.0,3.0
1279,眠,10,8.0,514.0,4.0
1280,眺,11,5.0,289.0,2.0
1281,眼,11,3.0,1560.0,1.0
1282,着,12,8.0,461.0,1.0
1283,睡,13,8.0,1038.0,2.0
1284,督,13,8.0,1264.0,1.0
1285,睦,13,8.0,2372.0,1.0
1286,瞬,18,8.0,1400.0,4.0
1287,瞭,17,8.0,1744.0,1.0
1288,瞳,17,8.0,1656.0,2.0
1289,矛,5,2.0,541.0,2.0
1290,矢,5,2.0,1535.0,1.0
1291,知,8,3.0,1642.0,2.0
1292,短,12,8.0,1366.0,2.0
1293,矯,17,1.0,368.0,2.0
1294,石,5,6.0,304.0,1.0
1295,砂,9,3.0,521.0,2.0
1296,研,9,8.0,1871.0,2.0
1297,砕,9,8.0,1776.0,2.0
1298,砲,10,5.0,1186.0,2.0
1299,破,10,8.0,1756.0,1.0
1300,硝,12,8.0,2072.0,2.0
1301,硫,12,8.0,58.0,3.0
1302,硬,12,8.0,1195.0,1.0
1303,碁,13,8.0,990.0,1.0
1304,碑,14,5.0,1138.0,2.0
1305,確,15,6.0,960.0,2.0
1306,磁,14,8.0,610.0,2.0
1307,磨,16,8.0,593.0,1.0
1308,礁,17,8.0,913.0,2.0
1309,礎,18,5.0,1928.0,1.0
1310,示,5,3.0,1798.0,2.0
1311,礼,5,2.0,160.0,1.0
1312,社,7,8.0,1132.0,1.0
1313,祈,8,8.0,798.0,2.0
1314,祉,8,5.0,744.0,2.0
1315,祖,9,4.0,1631.0,1.0
1316,祝,9,3.0,486.0,2.0
1317,神,9,8.0,209.0,1.0
1318,祥,10,4.0,361.0,1.0
1319,票,11,3.0,517.0,1.0
1320,祭,11,5.0,934.0,1.0
1321,禁,13,8.0,1088.0,2.0
1322,禅,13,8.0,821.0,1.0
1323,禍,13,3.0,1942.0,1.0
1324,福,13,8.0,983.0,2.0
1325,秀,7,6.0,1358.0,1.0
1326,私,7,2.0,907.0,1.0
1327,秋,9,2.0,61.0,1.0
1328,科,9,3.0,1484.0,2.0
1329,秒,9,6.0,1768.0,2.0
1330,秘,10,8.0,1635.0,1.0
1331,租,10,8.0,1689.0,1.0
1332,秩,10,8.0,1410.0,2.0
1333,称,10,5.0,1549.0,3.0
1334,移,11,5.0,1545.0,2.0
1335,程,12,5.0,752.0,1.0
1336,税,12,8.0,1471.0,1.0
1337,稚,13,4.0,1354.0,1.0
1338,種,14,8.0,1488.0,1.0
1339,稲,14,8.0,567.0,1.0
1340,稼,15,8.0,1820.0,1.0
1341,稽,16,8.0,780.0,2.0
1342,稿,15,6.0,94.0,1.0
1343,穀,14,8.0,1299.0,2.0
1344,穂,15,4.0,1519.0,1.0
1345,積,16,8.0,987.0,3.0
1346,穏,16,8.0,1044.0,2.0
1347,穫,18,6.0,559.0,2.0
1348,穴,5,3.0,785.0,2.0
1349,究,7,1.0,994.0,1.0
1350,空,8,8.0,660.0,2.0
1351,突,8,8.0,1876.0,2.0
1352,窃,9,8.0,1127.0,1.0
1353,窒,11,6.0,1516.0,2.0
1354,窓,11,8.0,1662.0,2.0
1355,窟,13,8.0,537.0,1.0
1356,窮,15,8.0,1790.0,1.0
1357,窯,15,1.0,963.0,2.0
1358,立,5,8.0,1825.0,1.0
1359,竜,10,3.0,256.0,1.0
1360,章,11,3.0,204.0,1.0
1361,童,12,8.0,79.0,2.0
1362,端,14,4.0,162.0,1.0
1363,競,20,1.0,1288.0,2.0
1364,竹,6,4.0,806.0,2.0
1365,笑,10,3.0,615.0,2.0
1366,笛,11,8.0,125.0,2.0
1367,符,11,3.0,895.0,1.0
1368,第,11,3.0,784.0,2.0
1369,筆,12,3.0,1916.0,1.0
1370,等,12,6.0,743.0,1.0
1371,筋,12,8.0,141.0,2.0
1372,筒,12,2.0,643.0,1.0
1373,答,12,6.0,1053.0,1.0
1374,策,12,8.0,1194.0,1.0
1375,箇,14,8.0,1495.0,1.0
1376,箋,14,2.0,677.0,1.0
1377,算,14,4.0,129.0,1.0
1378,管,14,4.0,1180.0,2.0
1379,節,13,8.0,952.0,1.0
1380,範,15,5.0,382.0,1.0
1381,築,16,8.0,797.0,1.0
1382,篤,16,6.0,591.0,1.0
1383,簡,18,8.0,933.0,1.0
1384,簿,19,8.0,1430.0,1.0
1385,籍,20,8.0,788.0,2.0
1386,籠,22,2.0,2460.0,2.0
1387,米,6,5.0,1291.0,1.0
1388,粉,10,8.0,1075.0,2.0
1389,粋,10,8.0,1764.0,1.0
1390,粒,11,8.0,1258.0,1.0
1391,粗,11,8.0,1723.0,1.0
1392,粘,11,8.0,909.0,2.0
1393,粛,11,8.0,820.0,2.0
1394,粧,12,5.0,1198.0,1.0
1395,精,14,6.0,1451.0,2.0
1396,糖,16,8.0,608.0,1.0
1397,糧,18,1.0,2195.0,2.0
1398,糸,6,6.0,2495.0,3.0
1399,系,7,8.0,1543.0,1.0
1400,糾,9,5.0,732.0,1.0
1401,紀,9,4.0,277.0,2.0
1402,約,9,6.0,1220.0,3.0
1403,紅,9,8.0,725.0,3.0
1404,紋,10,6.0,2467.0,1.0
1405,納,10,6.0,2104.0,2.0
1406,純,10,2.0,1831.0,1.0
1407,紙,10,3.0,1852.0,4.0
1408,級,9,8.0,462.0,1.0
1409,紛,10,5.0,1012.0,4.0
1410,素,10,8.0,415.0,1.0
1411,紡,10,8.0,748.0,2.0
1412,索,10,8.0,2064.0,3.0
1413,紫,12,8.0,1070.0,1.0
1414,累,11,2.0,706.0,1.0
1415,細,11,8.0,1465.0,1.0
1416,紳,11,8.0,1201.0,1.0
1417,紹,11,8.0,803.0,2.0
1418,紺,11,3.0,196.0,1.0
1419,終,11,2.0,38.0,2.0
1420,組,11,5.0,1295.0,2.0
1421,経,11,4.0,1568.0,1.0
1422,結,12,8.0,1328.0,2.0
1423,絞,12,8.0,1165.0,1.0
1424,絡,12,4.0,319.0,2.0
1425,給,12,5.0,781.0,1.0
1426,統,12,2.0,305.0,1.0
1427,絵,12,5.0,986.0,1.0
1428,絶,12,6.0,1889.0,2.0
1429,絹,13,8.0,1118.0,2.0
1430,継,13,4.0,2212.0,2.0
1431,続,13,8.0,2289.0,1.0
1432,維,14,8.0,1469.0,1.0
1433,綱,14,8.0,1215.0,1.0
1434,網,14,8.0,1878.0,1.0
1435,綻,14,5.0,1813.0,2.0
1436,綿,14,8.0,369.0,1.0
1437,緊,15,5.0,1387.0,2.0
1438,総,14,3.0,1647.0,2.0
1439,緑,14,8.0,1449.0,1.0
1440,緒,14,2.0,696.0,2.0
1441,線,15,8.0,1861.0,2.0
1442,締,15,5.0,1379.0,1.0
1443,編,15,8.0,1904.0,1.0
1444,緩,15,8.0,1144.0,2.0
1445,緯,16,3.0,273.0,2.0
1446,練,14,8.0,1548.0,1.0
1447,緻,16,8.0,1183.0,3.0
1448,縁,15,4.0,1477.0,1.0
1449,縄,15,8.0,2299.0,1.0
1450,縛,16,6.0,1228.0,1.0
1451,縦,16,8.0,782.0,1.0
1452,縫,16,6.0,459.0,1.0
1453,縮,17,5.0,1755.0,1.0
1454,績,17,8.0,1225.0,1.0
1455,繁,16,8.0,1163.0,2.0
1456,繊,17,5.0,2145.0,2.0
1457,織,18,8.0,1306.0,2.0
1458,繕,18,8.0,1807.0,2.0
1459,繭,18,8.0,1286.0,1.0
1460,缶,6,5.0,1679.0,2.0
1461,罪,13,4.0,1804.0,1.0
1462,置,13,8.0,1293.0,1.0
1463,罰,14,6.0,2120.0,2.0
1464,署,13,8.0,991.0,3.0
1465,罵,15,8.0,1249.0,1.0
1466,罷,15,8.0,722.0,4.0
1467,羅,19,3.0,19.0,1.0
1468,羊,6,3.0,1760.0,2.0
1469,美,9,8.0,996.0,1.0
1470,羞,11,5.0,870.0,1.0
1471,群,13,8.0,2048.0,2.0
1472,羨,13,5.0,734.0,2.0
1473,義,13,2.0,1830.0,3.0
1474,羽,6,8.0,1170.0,1.0
1475,翁,10,6.0,1412.0,1.0
1476,翌,11,3.0,655.0,3.0
1477,習,11,8.0,1786.0,2.0
1478,翻,18,8.0,665.0,2.0
1479,翼,17,4.0,649.0,1.0
1480,老,6,2.0,1753.0,2.0
1481,考,6,3.0,713.0,1.0
1482,者,8,8.0,1433.0,1.0
1483,耐,9,5.0,1363.0,2.0
1484,耕,10,8.0,501.0,3.0
1485,耗,10,1.0,621.0,1.0
1486,耳,6,6.0,2207.0,2.0
1487,聖,13,2.0,2202.0,2.0
1488,聞,14,8.0,578.0,2.0
1489,聴,17,5.0,1302.0,1.0
1490,職,18,2.0,719.0,2.0
1491,肉,6,8.0,1691.0,1.0
1492,肖,7,8.0,1713.0,2.0
1493,肝,7,8.0,458.0,2.0
1494,股,8,8.0,623.0,1.0
1495,肢,8,5.0,430.0,1.0
1496,肥,8,8.0,1188.0,1.0
1497,肩,8,8.0,2013.0,3.0
1498,肪,8,8.0,1116.0,1.0
1499,肯,8,3.0,967.0,1.0
1500,育,8,6.0,1099.0,1.0
1501,肺,9,6.0,1489.0,1.0
1502,胃,9,8.0,1230.0,1.0
1503,胆,9,6.0,1287.0,1.0
1504,背,9,8.0,1586.0,1.0
1505,胎,9,8.0,1719.0,1.0
1506,胞,9,8.0,1327.0,2.0
1507,胴,10,6.0,1085.0,1.0
1508,胸,10,5.0,420.0,1.0
1509,能,10,8.0,414.0,1.0
1510,脂,10,8.0,849.0,1.0
1511,脅,10,5.0,1547.0,1.0
1512,脈,10,8.0,754.0,2.0
1513,脊,10,8.0,1552.0,1.0
1514,脚,11,8.0,1260.0,4.0
1515,脱,11,6.0,2388.0,2.0
1516,脳,11,8.0,2483.0,1.0
1517,腎,13,8.0,468.0,1.0
1518,腐,14,8.0,1009.0,1.0
1519,腕,12,8.0,1082.0,1.0
1520,腫,13,8.0,2182.0,2.0
1521,腰,13,6.0,1849.0,2.0
1522,腸,13,6.0,702.0,1.0
1523,腹,13,8.0,2043.0,1.0
1524,腺,13,8.0,291.0,2.0
1525,膚,15,8.0,1896.0,2.0
1526,膜,14,8.0,2124.0,1.0
1527,膨,16,8.0,1653.0,1.0
1528,膳,16,8.0,1464.0,2.0
1529,臆,17,6.0,1454.0,2.0
1530,臓,19,4.0,1678.0,1.0
1531,臣,7,6.0,1351.0,2.0
1532,臨,18,2.0,2272.0,1.0
1533,自,6,8.0,1721.0,2.0
1534,臭,9,6.0,2031.0,2.0
1535,至,6,8.0,2339.0,1.0
1536,致,10,8.0,2223.0,1.0
1537,臼,6,5.0,2203.0,1.0
1538,興,16,6.0,481.0,1.0
1539,舌,6,5.0,832.0,4.0
1540,舎,8,8.0,450.0,2.0
1541,舗,15,8.0,20.0,1.0
1542,舞,15,8.0,350.0,1.0
1543,舟,6,5.0,891.0,4.0
1544,航,10,8.0,400.0,2.0
1545,般,10,8.0,972.0,1.0
1546,舶,11,8.0,1847.0,2.0
1547,舷,11,2.0,1214.0,1.0
1548,船,11,8.0,77.0,3.0
1549,艇,13,8.0,1432.0,2.0
1550,艦,21,4.0,2229.0,2.0
1551,良,7,2.0,1125.0,2.0
1552,色,6,8.0,1960.0,2.0
1553,艶,19,8.0,431.0,4.0
1554,芯,7,1.0,297.0,1.0
1555,花,7,8.0,1041.0,3.0
1556,芳,7,4.0,657.0,1.0
1557,芸,7,4.0,812.0,2.0
1558,芽,8,8.0,1048.0,1.0
1559,苗,8,8.0,332.0,2.0
1560,苛,8,6.0,1796.0,1.0
1561,若,8,3.0,488.0,2.0
1562,苦,8,4.0,915.0,2.0
1563,英,8,8.0,2186.0,2.0
1564,茂,8,8.0,2073.0,1.0
1565,茎,8,2.0,2030.0,1.0
1566,茶,9,1.0,1130.0,1.0
1567,草,9,8.0,259.0,1.0
1568,荒,9,8.0,106.0,1.0
1569,荘,9,3.0,1378.0,1.0
1570,荷,10,8.0,1173.0,2.0
1571,菊,11,8.0,22.0,2.0
1572,菌,11,8.0,349.0,1.0
1573,菓,11,4.0,362.0,3.0
1574,菜,11,8.0,710.0,1.0
1575,華,10,8.0,1510.0,2.0
1576,萎,11,3.0,406.0,4.0
1577,落,12,3.0,476.0,1.0
1578,葉,12,6.0,805.0,1.0
1579,著,11,8.0,176.0,1.0
1580,葛,11,8.0,904.0,1.0
1581,葬,12,6.0,83.0,2.0
1582,蒸,13,8.0,1690.0,2.0
1583,蓄,13,8.0,2379.0,1.0
1584,蓋,13,8.0,228.0,1.0
1585,蔑,14,6.0,528.0,1.0
1586,蔵,15,8.0,1134.0,4.0
1587,蔽,15,8.0,1021.0,1.0
1588,薄,16,8.0,149.0,2.0
1589,薦,16,8.0,1061.0,3.0
1590,薪,16,8.0,372.0,4.0
1591,薫,16,3.0,145.0,2.0
1592,薬,16,8.0,720.0,2.0
1593,藍,18,8.0,1050.0,2.0
1594,藤,18,8.0,427.0,1.0
1595,藩,18,8.0,1019.0,2.0
1596,藻,19,8.0,306.0,1.0
1597,虎,8,8.0,1511.0,1.0
1598,虐,9,8.0,2239.0,2.0
1599,虚,11,8.0,454.0,1.0
1600,虜,13,1.0,1636.0,1.0
1601,虫,6,6.0,2000.0,1.0
1602,蚕,10,8.0,392.0,1.0
1603,蛇,11,8.0,1196.0,1.0
1604,蛍,11,8.0,1020.0,2.0
1605,蛮,12,8.0,134.0,1.0
1606,蜂,13,8.0,1648.0,1.0
1607,蜜,14,8.0,1178.0,1.0
1608,融,16,3.0,1272.0,2.0
1609,血,6,6.0,1064.0,1.0
1610,衆,12,2.0,851.0,2.0
1611,行,6,5.0,198.0,2.0
1612,術,11,4.0,1567.0,1.0
1613,街,12,5.0,1024.0,1.0
1614,衛,16,8.0,993.0,2.0
1615,衝,15,8.0,301.0,1.0
1616,衡,16,4.0,1128.0,2.0
1617,衣,6,3.0,1150.0,1.0
1618,表,8,8.0,326.0,2.0
1619,衰,10,8.0,618.0,1.0
1620,衷,10,8.0,455.0,1.0
1621,袋,11,8.0,87.0,2.0
1622,袖,10,8.0,272.0,2.0
1623,被,10,6.0,524.0,1.0
1624,裁,12,8.0,227.0,2.0
1625,裂,12,6.0,2457.0,2.0
1626,装,12,6.0,1461.0,2.0
1627,裏,13,8.0,1345.0,1.0
1628,裕,12,6.0,658.0,2.0
1629,補,12,8.0,1490.0,2.0
1630,裸,13,5.0,1370.0,1.0
1631,製,14,5.0,2295.0,4.0
1632,複,14,8.0,1582.0,3.0
1633,褐,13,8.0,653.0,2.0
1634,褒,15,8.0,1028.0,2.0
1635,襟,18,8.0,1580.0,1.0
1636,襲,22,2.0,2068.0,2.0
1637,西,6,4.0,496.0,1.0
1638,要,9,8.0,1919.0,2.0
1639,覆,18,8.0,366.0,1.0
1640,覇,19,1.0,25.0,1.0
1641,見,7,5.0,984.0,2.0
1642,規,11,6.0,351.0,1.0
1643,視,11,4.0,508.0,2.0
1644,覚,12,6.0,1422.0,1.0
1645,覧,17,2.0,762.0,2.0
1646,親,16,4.0,1864.0,1.0
1647,観,18,2.0,394.0,3.0
1648,角,7,5.0,1104.0,1.0
1649,解,13,8.0,1389.0,2.0
1650,触,13,2.0,443.0,3.0
1651,言,7,8.0,494.0,1.0
1652,訂,9,8.0,956.0,3.0
1653,訃,9,2.0,1211.0,1.0
1654,計,9,6.0,822.0,3.0
1655,討,10,4.0,627.0,2.0
1656,訓,10,8.0,1156.0,2.0
1657,託,10,2.0,598.0,1.0
1658,記,10,8.0,1100.0,4.0
1659,訟,11,6.0,970.0,1.0
1660,訪,11,5.0,520.0,1.0
1661,設,11,5.0,995.0,2.0
1662,許,11,6.0,321.0,1.0
1663,訳,11,8.0,2444.0,1.0
1664,訴,12,8.0,652.0,2.0
1665,診,12,5.0,1056.0,1.0
1666,証,12,8.0,961.0,1.0
1667,詐,12,8.0,1282.0,2.0
1668,詔,12,5.0,179.0,4.0
1669,評,12,6.0,2045.0,1.0
1670,詞,12,8.0,1677.0,2.0
1671,詠,12,8.0,868.0,2.0
1672,詣,13,4.0,2190.0,2.0
1673,試,13,3.0,426.0,3.0
1674,詩,13,8.0,1243.0,1.0
1675,詮,13,8.0,1159.0,3.0
1676,詰,13,2.0,389.0,2.0
1677,話,13,8.0,1989.0,1.0
1678,該,13,8.0,945.0,1.0
1679,詳,13,8.0,1001.0,1.0
1680,誇,13,8.0,584.0,2.0
1681,誉,13,6.0,1868.0,2.0
1682,誌,14,6.0,626.0,1.0
1683,認,14,8.0,1649.0,2.0
1684,誓,14,6.0,374.0,2.0
1685,誕,15,8.0,597.0,1.0
1686,誘,14,2.0,897.0,2.0
1687,語,14,6.0,1153.0,2.0
1688,誠,13,6.0,343.0,1.0
1689,誤,14,4.0,1191.0,2.0
1690,説,14,2.0,953.0,3.0
1691,読,14,4.0,529.0,2.0
1692,課,15,3.0,1716.0,1.0
1693,調,15,3.0,1570.0,1.0
1694,談,15,8.0,1308.0,2.0
1695,請,15,6.0,723.0,2.0
1696,論,15,8.0,2377.0,2.0
1697,諦,16,8.0,900.0,2.0
1698,諧,16,8.0,320.0,3.0
1699,諭,16,8.0,333.0,2.0
1700,諮,16,6.0,1480.0,2.0
1701,諸,15,8.0,189.0,1.0
1702,諾,15,8.0,1416.0,1.0
1703,謀,16,8.0,1269.0,1.0
1704,謁,15,8.0,327.0,2.0
1705,謄,17,8.0,1261.0,3.0
1706,謙,17,5.0,790.0,1.0
1707,講,17,5.0,1172.0,2.0
1708,謝,17,8.0,825.0,2.0
1709,謡,16,8.0,1259.0,2.0
1710,謹,17,5.0,1365.0,1.0
1711,識,19,8.0,693.0,4.0
1712,譜,19,6.0,371.0,3.0
1713,警,19,4.0,1771.0,1.0
1714,議,20,8.0,1607.0,1.0
1715,譲,20,5.0,633.0,2.0
1716,護,20,2.0,1769.0,1.0
1717,谷,7,3.0,385.0,2.0
1718,豆,7,5.0,428.0,3.0
1719,豊,13,8.0,1888.0,1.0
1720,豚,11,5.0,625.0,2.0
1721,象,12,8.0,194.0,4.0
1722,豪,14,8.0,685.0,2.0
1723,貌,14,8.0,773.0,2.0
1724,貞,9,3.0,1907.0,3.0
1725,負,9,5.0,379.0,1.0
1726,財,10,8.0,942.0,2.0
1727,貢,10,5.0,411.0,1.0
1728,貧,11,4.0,424.0,1.0
1729,貨,11,8.0,311.0,1.0
1730,販,11,8.0,931.0,1.0
1731,貪,11,8.0,683.0,2.0
1732,貫,11,5.0,1035.0,1.0
1733,責,11,5.0,2230.0,1.0
1734,貯,12,6.0,1957.0,1.0
1735,貴,12,2.0,717.0,1.0
1736,買,12,5.0,80.0,1.0
1737,貸,12,5.0,2018.0,1.0
1738,費,12,8.0,576.0,1.0
1739,貼,12,5.0,429.0,2.0
1740,貿,12,5.0,30.0,1.0
1741,賀,12,8.0,766.0,1.0
1742,賂,13,6.0,540.0,2.0
1743,賃,13,8.0,142.0,1.0
1744,賄,13,5.0,1524.0,2.0
1745,資,13,8.0,1423.0,1.0
1746,賊,13,8.0,833.0,3.0
1747,賓,15,5.0,1343.0,1.0
1748,賛,15,8.0,941.0,2.0
1749,賜,15,5.0,255.0,2.0
1750,賞,15,8.0,1845.0,1.0
1751,賠,15,8.0,285.0,1.0
1752,賢,16,8.0,207.0,1.0
1753,賦,15,5.0,500.0,1.0
1754,質,15,8.0,344.0,1.0
1755,賭,15,8.0,887.0,1.0
1756,購,17,8.0,664.0,1.0
1757,贈,18,1.0,670.0,1.0
1758,赤,7,8.0,1554.0,1.0
1759,赦,11,2.0,1865.0,1.0
1760,走,7,8.0,1937.0,1.0
1761,赴,9,3.0,57.0,1.0
1762,起,10,8.0,647.0,3.0
1763,超,12,8.0,756.0,3.0
1764,越,12,8.0,910.0,2.0
1765,趣,15,1.0,1621.0,4.0
1766,足,7,8.0,654.0,2.0
1767,距,12,8.0,1612.0,1.0
1768,跡,13,3.0,905.0,2.0
1769,路,13,8.0,1304.0,1.0
1770,跳,13,8.0,569.0,2.0
1771,践,13,8.0,965.0,1.0
1772,踊,14,8.0,36.0,1.0
1773,踏,15,8.0,1670.0,2.0
1774,踪,15,8.0,917.0,3.0
1775,蹴,19,8.0,1077.0,1.0
1776,躍,21,3.0,123.0,2.0
1777,身,7,1.0,2271.0,1.0
1778,車,7,8.0,359.0,1.0
1779,軌,9,4.0,1006.0,2.0
1780,軍,9,8.0,1640.0,1.0
1781,軒,10,8.0,1955.0,1.0
1782,軟,11,3.0,2012.0,1.0
1783,転,11,8.0,1515.0,1.0
1784,軸,12,3.0,1862.0,1.0
1785,軽,12,8.0,1596.0,1.0
1786,較,13,8.0,1218.0,2.0
1787,載,13,8.0,2074.0,1.0
1788,輝,15,8.0,1838.0,1.0
1789,輩,15,4.0,1097.0,1.0
1790,輪,15,5.0,1096.0,1.0
1791,輸,16,8.0,193.0,1.0
1792,轄,17,8.0,120.0,1.0
1793,辛,7,4.0,469.0,4.0
1794,辞,13,8.0,53.0,3.0
1795,辣,14,8.0,505.0,2.0
1796,辱,10,3.0,1542.0,3.0
1797,農,13,4.0,1574.0,1.0
1798,辺,5,8.0,880.0,4.0
1799,迅,6,8.0,672.0,2.0
1800,迎,7,2.0,1710.0,1.0
1801,近,7,3.0,1890.0,1.0
1802,返,7,8.0,1376.0,1.0
1803,迫,8,8.0,395.0,1.0
1804,迭,8,5.0,1013.0,2.0
1805,述,8,5.0,1505.0,1.0
1806,迷,9,3.0,1394.0,1.0
1807,追,9,6.0,1008.0,2.0
1808,退,9,3.0,1395.0,2.0
1809,送,9,8.0,2005.0,1.0
1810,逃,9,5.0,1246.0,3.0
1811,逆,9,8.0,1934.0,1.0
1812,透,10,8.0,1440.0,2.0
1813,逐,10,8.0,2221.0,1.0
1814,逓,10,8.0,1740.0,1.0
1815,途,10,2.0,546.0,1.0
1816,通,10,8.0,1793.0,1.0
1817,逝,10,3.0,2029.0,1.0
1818,速,10,5.0,1250.0,1.0
1819,造,10,4.0,1617.0,2.0
1820,連,10,8.0,1506.0,2.0
1821,逮,11,2.0,1681.0,2.0
1822,週,11,3.0,1391.0,2.0
1823,進,11,8.0,12.0,1.0
1824,逸,11,8.0,452.0,1.0
1825,遂,12,8.0,951.0,2.0
1826,遅,12,8.0,59.0,1.0
1827,遇,12,3.0,1994.0,1.0
1828,遊,12,3.0,33.0,2.0
1829,運,12,8.0,70.0,1.0
1830,遍,12,5.0,444.0,1.0
1831,過,12,2.0,1072.0,1.0
1832,道,12,4.0,1855.0,1.0
1833,達,12,8.0,751.0,1.0
1834,違,13,8.0,1532.0,1.0
1835,遜,13,2.0,503.0,1.0
1836,遠,13,8.0,331.0,3.0
1837,遡,13,8.0,1280.0,2.0
1838,遣,13,5.0,2396.0,1.0
1839,適,14,8.0,596.0,2.0
1840,遭,14,8.0,405.0,1.0
1841,遮,14,8.0,1429.0,2.0
1842,遵,15,8.0,150.0,4.0
1843,遷,15,4.0,828.0,2.0
1844,選,15,6.0,594.0,1.0
1845,遺,15,8.0,1154.0,2.0
1846,避,16,8.0,1917.0,2.0
1847,還,16,8.0,1393.0,1.0
1848,那,7,8.0,1323.0,4.0
1849,邦,7,8.0,1746.0,1.0
1850,邪,8,8.0,1680.0,2.0
1851,邸,8,8.0,736.0,1.0
1852,郊,9,8.0,707.0,1.0
1853,郎,9,4.0,1071.0,1.0
1854,郡,10,3.0,1601.0,1.0
1855,部,11,8.0,1109.0,3.0
1856,郭,11,6.0,605.0,2.0
1857,郵,11,6.0,513.0,2.0
1858,郷,11,3.0,1396.0,2.0
1859,都,11,8.0,1382.0,2.0
1860,酌,10,3.0,183.0,2.0
1861,配,10,8.0,742.0,3.0
1862,酎,10,3.0,1089.0,1.0
1863,酒,10,8.0,1083.0,1.0
1864,酔,11,8.0,2009.0,2.0
1865,酢,12,8.0,1546.0,1.0
1866,酪,13,8.0,669.0,2.0
1867,酬,13,8.0,1192.0,1.0
1868,酵,14,8.0,210.0,2.0
1869,酷,14,5.0,975.0,1.0
1870,酸,14,8.0,1951.0,1.0
1871,醒,16,8.0,839.0,2.0
1872,醜,17,8.0,555.0,3.0
1873,醸,20,8.0,330.0,1.0
1874,采,8,8.0,950.0,2.0
1875,釈,11,2.0,1131.0,3.0
1876,里,7,3.0,1341.0,2.0
1877,重,9,2.0,1256.0,3.0
1878,野,11,4.0,1217.0,1.0
1879,量,12,1.0,1491.0,2.0
1880,金,8,6.0,268.0,2.0
1881,針,10,8.0,935.0,1.0
1882,釣,11,8.0,893.0,3.0
1883,鈍,12,8.0,1458.0,2.0
1884,鈴,13,3.0,2151.0,4.0
1885,鉄,13,8.0,1747.0,1.0
1886,鉛,13,8.0,928.0,3.0
1887,鉢,13,5.0,589.0,4.0
1888,鉱,13,3.0,764.0,1.0
1889,銀,14,8.0,472.0,1.0
1890,銃,14,5.0,186.0,1.0
1891,銅,14,8.0,249.0,1.0
1892,銘,14,6.0,1561.0,1.0
1893,銭,14,8.0,445.0,3.0
1894,鋭,15,8.0,491.0,3.0
1895,鋳,15,6.0,2148.0,2.0
1896,鋼,16,8.0,502.0,2.0
1897,錠,16,8.0,1350.0,1.0
1898,錦,16,8.0,884.0,4.0
1899,錬,16,8.0,779.0,1.0
1900,錮,16,8.0,1339.0,2.0
1901,錯,16,4.0,981.0,1.0
1902,録,16,8.0,1247.0,1.0
1903,鍛,17,8.0,2287.0,3.0
1904,鍵,17,8.0,138.0,1.0
1905,鎖,18,8.0,433.0,1.0
1906,鎮,18,4.0,1590.0,2.0
1907,鏡,19,8.0,708.0,1.0
1908,鐘,20,8.0,96.0,4.0
1909,鑑,23,2.0,407.0,2.0
1910,長,8,2.0,676.0,1.0
1911,門,8,6.0,1536.0,1.0
1912,閉,11,3.0,894.0,1.0
1913,開,12,8.0,678.0,1.0
1914,閑,12,2.0,1058.0,4.0
1915,間,12,4.0,558.0,1.0
1916,関,14,6.0,580.0,1.0
1917,閣,14,8.0,328.0,3.0
1918,閥,14,8.0,1659.0,2.0
1919,閲,15,8.0,1046.0,1.0
1920,闘,18,4.0,969.0,1.0
1921,阜,8,4.0,1392.0,2.0
1922,阪,7,5.0,1780.0,1.0
1923,防,7,8.0,1193.0,2.0
1924,阻,8,8.0,2152.0,3.0
1925,附,8,6.0,888.0,1.0
1926,降,10,5.0,2277.0,1.0
1927,限,9,6.0,1754.0,2.0
1928,陛,10,3.0,613.0,2.0
1929,院,10,8.0,98.0,
1930,陣,10,6.0,859.0,
1931,除,10,8.0,639.0,
1932,陥,10,8.0,1500.0,
1933,陪,11,8.0,724.0,
1934,陰,11,8.0,1033.0,
1935,陳,11,8.0,955.0,
1936,陵,11,8.0,1696.0,
1937,陶,11,4.0,1069.0,
1938,陸,11,5.0,410.0,
1939,険,11,3.0,1420.0,
1940,陽,12,8.0,1141.0,
1941,隅,12,8.0,936.0,
1942,隆,11,4.0,1652.0,
1943,隊,12,3.0,65.0,
1944,階,12,8.0,1474.0,
1945,随,12,8.0,1557.0,
1946,隔,13,8.0,1748.0,
1947,隙,13,5.0,1206.0,
1948,際,14,6.0,1514.0,
1949,障,14,8.0,1208.0,
1950,隠,14,8.0,355.0,
1951,隣,16,8.0,1486.0,
1952,隷,16,8.0,1043.0,
1953,隻,10,8.0,1279.0,
1954,雄,12,8.0,1901.0,
1955,雅,13,3.0,2366.0,
1956,集,12,8.0,1758.0,
1957,雇,12,8.0,1615.0,
1958,雌,14,5.0,2331.0,
1959,雑,14,8.0,1142.0,
1960,離,19,6.0,1240.0,
1961,難,18,1.0,573.0,
1962,雨,8,2.0,1338.0,
1963,雪,11,8.0,1795.0,
1964,雰,12,2.0,1632.0,
1965,雲,12,8.0,770.0,
1966,零,13,8.0,,
1967,雷,13,2.0,,
1968,電,13,8.0,,
1969,需,14,8.0,,
1970,震,15,8.0,,
1971,霊,15,8.0,,
1972,霜,17,8.0,,
1973,霧,19,8.0,,
1974,露,21,1.0,,
1975,青,8,4.0,,
1976,静,14,5.0,,
1977,非,8,3.0,,
1978,面,9,6.0,,
1979,革,9,8.0,,
1980,靴,13,8.0,,
1981,韓,18,1.0,,
1982,音,9,8.0,,
1983,韻,19,8.0,,
1984,響,20,6.0,,
1985,頂,11,8.0,,
1986,項,12,4.0,,
1987,順,12,8.0,,
1988,須,12,6.0,,
1989,預,13,8.0,,
1990,頑,13,8.0,,
1991,頒,13,8.0,,
1992,頓,13,5.0,,
1993,領,14,2.0,,
1994,頭,16,8.0,,
1995,頻,17,8.0,,
1996,頼,16,3.0,,
1997,題,18,5.0,,
1998,額,18,8.0,,
1999,顎,18,2.0,,
2000,顔,18,8.0,,
2001,顕,18,4.0,,
2002,願,19,4.0,,
2003,類,18,8.0,,
2004,顧,21,2.0,,
2005,風,9,4.0,,
2006,飛,9,2.0,,
2007,食,9,8.0,,
2008,飢,10,4.0,,
2009,飯,12,3.0,,
2010,飲,12,5.0,,
2011,飼,13,8.0,,
2012,飽,13,8.0,,
2013,飾,13,8.0,,
2014,餅,14,4.0,,
2015,養,15,8.0,,
2016,餌,14,8.0,,
2017,餓,15,3.0,,
2018,館,16,2.0,,
2019,首,9,4.0,,
2020,香,9,2.0,,
2021,馬,10,8.0,,
2022,駄,14,3.0,,
2023,駅,14,8.0,,
2024,駆,14,8.0,,
2025,駐,15,8.0,,
2026,騎,18,8.0,,
2027,騒,18,4.0,,
2028,験,18,8.0,,
2029,騰,20,8.0,,
2030,驚,22,6.0,,
2031,骨,10,8.0,,
2032,骸,16,8.0,,
2033,髄,19,2.0,,
2034,高,10,8.0,,
2035,髪,14,8.0,,
2036,鬱,29,8.0,,
2037,鬼,10,8.0,,
2038,魂,14,8.0,,
2039,魅,15,8.0,,
2040,魔,21,2.0,,
2041,魚,11,8.0,,
2042,鮮,17,8.0,,
2043,鯨,19,2.0,,
2044,鳥,11,2.0,,
2045,鳴,14,8.0,,
2046,鶏,19,8.0,,
2047,麓,19,8.0,,
2048,麗,19,2.0,,
2049,麦,7,8.0,,
2050,麺,16,8.0,,
2051,麻,11,2.0,,
2052,黄,11,2.0,,
2053,黒,11,8.0,,
2054,黙,15,8.0,,
2055,鼓,13,3.0,,
2056,鼻,14,8.0,,
2057,齢,17,,,
2058,𠮟,5,,,
